Slug,Nom,Compétences du programme scolaire,Concepts,Description,Pilier,Variables pédagogiques,supports compatibles
cmp-ordre-sequence,Organiser et justifier l’ordre d’exécution d’un algorithme simple (séquentialité).,"Identifier une instruction ou une séquence d’instructions (https://www.notion.so/Identifier-une-instruction-ou-une-s-quence-d-instructions-2a5e829b367e802193a3e88d184f1ed0?pvs=21), Répéter à la main une séquence d’instructions pour accomplir une tâche imposée (https://www.notion.so/R-p-ter-la-main-une-s-quence-d-instructions-pour-accomplir-une-t-che-impos-e-2a5e829b367e80649ee2cab412c9b7ec?pvs=21), Programmer la construction d’un chemin simple (https://www.notion.so/Programmer-la-construction-d-un-chemin-simple-2a5e829b367e80b4b723c292e13f7e86?pvs=21), Appliquer les principes de l’algorithmique et de la programmation par blocs pour écrire ou comprendre un code simple. (https://www.notion.so/Appliquer-les-principes-de-l-algorithmique-et-de-la-programmation-par-blocs-pour-crire-ou-comprendr-2a5e829b367e80fc9589c02f14490ff6?pvs=21), Vérifier que la solution répond au problème posé (https://www.notion.so/V-rifier-que-la-solution-r-pond-au-probl-me-pos-2a5e829b367e8009be47eb8bc2f7a821?pvs=21), Produire et exécuter une séquence d’instructions (https://www.notion.so/Produire-et-ex-cuter-une-s-quence-d-instructions-2a5e829b367e80e3bd0ddf60a0b65a2b?pvs=21)","Instruction (https://www.notion.so/Instruction-2bde829b367e80b8803bf1376f43e78e?pvs=21), Séquentialité (https://www.notion.so/S-quentialit-2bde829b367e80889457db2c3daa66ac?pvs=21), Algorithme (https://www.notion.so/Algorithme-2b5e829b367e80428f03d25be8c368fb?pvs=21)","Déterminer des étapes atomiques et leur ordre pour qu’un procédé fonctionne du début à la fin, sans branchements ni répétitions ; expliciter les dépendances entre étapes.",pil-conception-algorithmes-sequence-repetition,"Nombre d’étapes à ordonner (https://www.notion.so/Nombre-d-tapes-ordonner-2bde829b367e80c9a09bfa006741a241?pvs=21), Nombre d’ordres acceptés (https://www.notion.so/Nombre-d-ordres-accept-s-2bde829b367e80178462e58831a9aaca?pvs=21)","Sur écran avec matériel (https://www.notion.so/Sur-cran-avec-mat-riel-2bde829b367e8082993fc9345284dc6f?pvs=21), Débranché sans matériel (https://www.notion.so/D-branch-sans-mat-riel-2bde829b367e80caab9fef0e57a67375?pvs=21), Débranché avec matériel (https://www.notion.so/D-branch-avec-mat-riel-2bde829b367e80dab6c7c4447c27e8bd?pvs=21), Sur écran sans matériel, avec simulateur (https://www.notion.so/Sur-cran-sans-mat-riel-avec-simulateur-2bde829b367e804d890bd2ea8ac9ff4d?pvs=21), Sur écran sans matériel (https://www.notion.so/Sur-cran-sans-mat-riel-2bde829b367e803196f4cfb62e0a601a?pvs=21)"
cmp-entrees-sorties-etat,"Identifier et expliciter les entrées, les sorties et l’état intermédiaire d’un algorithme.","Appliquer les principes de l’algorithmique et de la programmation par blocs pour écrire ou comprendre un code simple. (https://www.notion.so/Appliquer-les-principes-de-l-algorithmique-et-de-la-programmation-par-blocs-pour-crire-ou-comprendr-2a5e829b367e80fc9589c02f14490ff6?pvs=21), Répéter à la main une séquence d’instructions pour accomplir une tâche imposée (https://www.notion.so/R-p-ter-la-main-une-s-quence-d-instructions-pour-accomplir-une-t-che-impos-e-2a5e829b367e80649ee2cab412c9b7ec?pvs=21), Vérifier que la solution répond au problème posé (https://www.notion.so/V-rifier-que-la-solution-r-pond-au-probl-me-pos-2a5e829b367e8009be47eb8bc2f7a821?pvs=21), Identifier une instruction ou une séquence d’instructions (https://www.notion.so/Identifier-une-instruction-ou-une-s-quence-d-instructions-2a5e829b367e802193a3e88d184f1ed0?pvs=21)","Entrée (https://www.notion.so/Entr-e-2bde829b367e80c78336eac1c3f65a9d?pvs=21), Etat intermédiaire (https://www.notion.so/Etat-interm-diaire-2bde829b367e8017afe8eb6b2bd677c4?pvs=21), Sortie (https://www.notion.so/Sortie-2bde829b367e8048b117ccee918c48bb?pvs=21), Algorithme (https://www.notion.so/Algorithme-2b5e829b367e80428f03d25be8c368fb?pvs=21)","Préciser ce qui entre (données, paramètres), ce qui sort (résultat attendu) et ce qui est conservé/mis à jour pendant l’exécution, afin d’assurer la traçabilité du procédé.",pil-conception-algorithmes-sequence-repetition,Entrées/Sorties : explicites ou à inférer (https://www.notion.so/Entr-es-Sorties-explicites-ou-inf-rer-2bde829b367e804890fcca63b694e7c8?pvs=21),"Sur écran avec matériel (https://www.notion.so/Sur-cran-avec-mat-riel-2bde829b367e8082993fc9345284dc6f?pvs=21), Débranché sans matériel (https://www.notion.so/D-branch-sans-mat-riel-2bde829b367e80caab9fef0e57a67375?pvs=21), Débranché avec matériel (https://www.notion.so/D-branch-avec-mat-riel-2bde829b367e80dab6c7c4447c27e8bd?pvs=21), Sur écran sans matériel (https://www.notion.so/Sur-cran-sans-mat-riel-2bde829b367e803196f4cfb62e0a601a?pvs=21), Sur écran sans matériel, avec simulateur (https://www.notion.so/Sur-cran-sans-mat-riel-avec-simulateur-2bde829b367e804d890bd2ea8ac9ff4d?pvs=21)"
cmp-repetition-n,Mettre en œuvre une répétition simple (répéter N fois) pour automatiser une action,"Réaliser, compléter et rédiger un programme de construction d’une figure plane. (https://www.notion.so/R-aliser-compl-ter-et-r-diger-un-programme-de-construction-d-une-figure-plane-2a5e829b367e80faaf74e49f8f4d5dd6?pvs=21), Répéter à la main une séquence d’instructions pour accomplir une tâche imposée (https://www.notion.so/R-p-ter-la-main-une-s-quence-d-instructions-pour-accomplir-une-t-che-impos-e-2a5e829b367e80649ee2cab412c9b7ec?pvs=21), Produire et exécuter une séquence d’instructions (https://www.notion.so/Produire-et-ex-cuter-une-s-quence-d-instructions-2a5e829b367e80e3bd0ddf60a0b65a2b?pvs=21), Appliquer les principes de l’algorithmique et de la programmation par blocs pour écrire ou comprendre un code simple. (https://www.notion.so/Appliquer-les-principes-de-l-algorithmique-et-de-la-programmation-par-blocs-pour-crire-ou-comprendr-2a5e829b367e80fc9589c02f14490ff6?pvs=21), Programmer la construction d’un chemin simple (https://www.notion.so/Programmer-la-construction-d-un-chemin-simple-2a5e829b367e80b4b723c292e13f7e86?pvs=21)","Répétition simple (https://www.notion.so/R-p-tition-simple-2bde829b367e8064b165d8aacd03ae01?pvs=21), Algorithme (https://www.notion.so/Algorithme-2b5e829b367e80428f03d25be8c368fb?pvs=21)","Repérer l’action qui se répète, fixer/déduire le nombre de répétitions N, encapsuler correctement l’action invariante dans la boucle, puis exécuter (y compris “à la main”) pour vérifier que le comportement obtenu correspond à la consigne.",pil-conception-algorithmes-sequence-repetition,"Tâche sur la boucle (https://www.notion.so/T-che-sur-la-boucle-2bde829b367e80609481c51c45bb1957?pvs=21), Statut de N (répétitions) (https://www.notion.so/Statut-de-N-r-p-titions-2bde829b367e8060a013d6a7814bf349?pvs=21)","Sur écran avec matériel (https://www.notion.so/Sur-cran-avec-mat-riel-2bde829b367e8082993fc9345284dc6f?pvs=21), Débranché sans matériel (https://www.notion.so/D-branch-sans-mat-riel-2bde829b367e80caab9fef0e57a67375?pvs=21), Débranché avec matériel (https://www.notion.so/D-branch-avec-mat-riel-2bde829b367e80dab6c7c4447c27e8bd?pvs=21), Sur écran sans matériel, avec simulateur (https://www.notion.so/Sur-cran-sans-mat-riel-avec-simulateur-2bde829b367e804d890bd2ea8ac9ff4d?pvs=21), Sur écran sans matériel (https://www.notion.so/Sur-cran-sans-mat-riel-2bde829b367e803196f4cfb62e0a601a?pvs=21)"
cmp-parametrer-instructions,"Paramétrer correctement des instructions (fonctions intégrées et paramètres)
","Appliquer les principes de l’algorithmique et de la programmation par blocs pour écrire ou comprendre un code simple. (https://www.notion.so/Appliquer-les-principes-de-l-algorithmique-et-de-la-programmation-par-blocs-pour-crire-ou-comprendr-2a5e829b367e80fc9589c02f14490ff6?pvs=21), Produire et exécuter une séquence d’instructions (https://www.notion.so/Produire-et-ex-cuter-une-s-quence-d-instructions-2a5e829b367e80e3bd0ddf60a0b65a2b?pvs=21), Répéter à la main une séquence d’instructions pour accomplir une tâche imposée (https://www.notion.so/R-p-ter-la-main-une-s-quence-d-instructions-pour-accomplir-une-t-che-impos-e-2a5e829b367e80649ee2cab412c9b7ec?pvs=21)",Paramètre (https://www.notion.so/Param-tre-2bde829b367e8030a977eae49e293e6d?pvs=21),"À partir d’une consigne en français, choisir la fonction intégrée pertinente (dire, avancer, tourner, attendre, afficher…), renseigner ses paramètres (valeur, unité/option, durée, quantité) tels qu’indiqués par l’énoncé, et produire une procédure exécutable (sans variables ni conditions).",pil-conception-algorithmes-sequence-repetition,Nombre de paramètres à renseigner (https://www.notion.so/Nombre-de-param-tres-renseigner-2bde829b367e800c8828fe95632d52e4?pvs=21),"Sur écran avec matériel (https://www.notion.so/Sur-cran-avec-mat-riel-2bde829b367e8082993fc9345284dc6f?pvs=21), Débranché sans matériel (https://www.notion.so/D-branch-sans-mat-riel-2bde829b367e80caab9fef0e57a67375?pvs=21), Débranché avec matériel (https://www.notion.so/D-branch-avec-mat-riel-2bde829b367e80dab6c7c4447c27e8bd?pvs=21), Sur écran sans matériel, avec simulateur (https://www.notion.so/Sur-cran-sans-mat-riel-avec-simulateur-2bde829b367e804d890bd2ea8ac9ff4d?pvs=21), Sur écran sans matériel (https://www.notion.so/Sur-cran-sans-mat-riel-2bde829b367e803196f4cfb62e0a601a?pvs=21)"
cmp-expliquer-programme,Expliquer un programme et le reformuler en langage naturel,"Comprendre un programme simple et le traduire en langage naturel. (https://www.notion.so/Comprendre-un-programme-simple-et-le-traduire-en-langage-naturel-2a5e829b367e809d91c5d6841a0fc6a7?pvs=21), Appliquer les principes de l’algorithmique et de la programmation par blocs pour écrire ou comprendre un code simple. (https://www.notion.so/Appliquer-les-principes-de-l-algorithmique-et-de-la-programmation-par-blocs-pour-crire-ou-comprendr-2a5e829b367e80fc9589c02f14490ff6?pvs=21), Exploiter un document constitué de divers supports (texte, schéma, graphique, tableau, algorithme simple, carte heuristique) (https://www.notion.so/Exploiter-un-document-constitu-de-divers-supports-texte-sch-ma-graphique-tableau-algorithme-si-2a5e829b367e802681f3c5d14af7e630?pvs=21)","Programme (https://www.notion.so/Programme-2bde829b367e80cbb552e6049a01188c?pvs=21), Séquentialité (https://www.notion.so/S-quentialit-2bde829b367e80889457db2c3daa66ac?pvs=21), Instruction (https://www.notion.so/Instruction-2bde829b367e80b8803bf1376f43e78e?pvs=21), Algorithme (https://www.notion.so/Algorithme-2b5e829b367e80428f03d25be8c368fb?pvs=21)","Lire un code (par blocs/pseudo-code), reconstituer son enchaînement d’étapes, expliciter ce qui est fait et dans quel ordre, puis en donner une reformulation claire et fidèle en français.",pil-analyse-critique-programmes,Longueur du programme à expliquer (https://www.notion.so/Longueur-du-programme-expliquer-2bde829b367e8011bbbefd14b2962431?pvs=21),"Débranché avec matériel (https://www.notion.so/D-branch-avec-mat-riel-2bde829b367e80dab6c7c4447c27e8bd?pvs=21), Débranché sans matériel (https://www.notion.so/D-branch-sans-mat-riel-2bde829b367e80caab9fef0e57a67375?pvs=21), Sur écran avec matériel (https://www.notion.so/Sur-cran-avec-mat-riel-2bde829b367e8082993fc9345284dc6f?pvs=21), Sur écran sans matériel (https://www.notion.so/Sur-cran-sans-mat-riel-2bde829b367e803196f4cfb62e0a601a?pvs=21), Sur écran sans matériel, avec simulateur (https://www.notion.so/Sur-cran-sans-mat-riel-avec-simulateur-2bde829b367e804d890bd2ea8ac9ff4d?pvs=21)"
cmp-simuler-programme,Exécuter/simuler un programme et observer son comportement,"Produire et exécuter une séquence d’instructions (https://www.notion.so/Produire-et-ex-cuter-une-s-quence-d-instructions-2a5e829b367e80e3bd0ddf60a0b65a2b?pvs=21), Répéter à la main une séquence d’instructions pour accomplir une tâche imposée (https://www.notion.so/R-p-ter-la-main-une-s-quence-d-instructions-pour-accomplir-une-t-che-impos-e-2a5e829b367e80649ee2cab412c9b7ec?pvs=21), Exploiter un document constitué de divers supports (texte, schéma, graphique, tableau, algorithme simple, carte heuristique) (https://www.notion.so/Exploiter-un-document-constitu-de-divers-supports-texte-sch-ma-graphique-tableau-algorithme-si-2a5e829b367e802681f3c5d14af7e630?pvs=21)","Programme (https://www.notion.so/Programme-2bde829b367e80cbb552e6049a01188c?pvs=21), Etat intermédiaire (https://www.notion.so/Etat-interm-diaire-2bde829b367e8017afe8eb6b2bd677c4?pvs=21), Entrée (https://www.notion.so/Entr-e-2bde829b367e80c78336eac1c3f65a9d?pvs=21), Sortie (https://www.notion.so/Sortie-2bde829b367e8048b117ccee918c48bb?pvs=21), Algorithme (https://www.notion.so/Algorithme-2b5e829b367e80428f03d25be8c368fb?pvs=21)","Suivre pas à pas l’exécution (à la main ou avec un outil), tracer l’évolution des données/états et constater les effets produits pour relier précisément instructions → résultats.",pil-analyse-critique-programmes,"Niveau de trace demandé (https://www.notion.so/Niveau-de-trace-demand-2bde829b367e801dbca7d53c992c3587?pvs=21), Nombre d’exécutions à réaliser (https://www.notion.so/Nombre-d-ex-cutions-r-aliser-2bde829b367e80bbb609f56b683d257c?pvs=21)","Sur écran avec matériel (https://www.notion.so/Sur-cran-avec-mat-riel-2bde829b367e8082993fc9345284dc6f?pvs=21), Débranché sans matériel (https://www.notion.so/D-branch-sans-mat-riel-2bde829b367e80caab9fef0e57a67375?pvs=21), Débranché avec matériel (https://www.notion.so/D-branch-avec-mat-riel-2bde829b367e80dab6c7c4447c27e8bd?pvs=21), Sur écran sans matériel, avec simulateur (https://www.notion.so/Sur-cran-sans-mat-riel-avec-simulateur-2bde829b367e804d890bd2ea8ac9ff4d?pvs=21), Sur écran sans matériel (https://www.notion.so/Sur-cran-sans-mat-riel-2bde829b367e803196f4cfb62e0a601a?pvs=21)"
cmp-identifier-erreurs,Identifier et justifier des erreurs dans un programme,"Critiquer un programme au regard du comportement de l’objet programmé ; par exemple : comparaison de différents programmes permettant à un robot de parcourir un trajet comportant des obstacles en un temps minimum. (https://www.notion.so/Critiquer-un-programme-au-regard-du-comportement-de-l-objet-programm-par-exemple-comparaison-de-2a5e829b367e80218fdeffb9deac880e?pvs=21), Vérifier que la solution répond au problème posé (https://www.notion.so/V-rifier-que-la-solution-r-pond-au-probl-me-pos-2a5e829b367e8009be47eb8bc2f7a821?pvs=21)","Comportement attendu (https://www.notion.so/Comportement-attendu-2bde829b367e80ab9a2ffcfc35451953?pvs=21), Programme (https://www.notion.so/Programme-2bde829b367e80cbb552e6049a01188c?pvs=21), Algorithme (https://www.notion.so/Algorithme-2b5e829b367e80428f03d25be8c368fb?pvs=21)","Confronter le comportement observé au besoin initial, pointer les incohérences/limites et comparer des variantes de solution en justifiant les choix (clarté, risques d’erreur, résultat).",pil-analyse-critique-programmes,"Nombre de solutions à comparer (https://www.notion.so/Nombre-de-solutions-comparer-2bde829b367e805c8192dadb6c1bc89b?pvs=21), Support de critères (https://www.notion.so/Support-de-crit-res-2bde829b367e806180fff304b92a4785?pvs=21)","Débranché avec matériel (https://www.notion.so/D-branch-avec-mat-riel-2bde829b367e80dab6c7c4447c27e8bd?pvs=21), Débranché sans matériel (https://www.notion.so/D-branch-sans-mat-riel-2bde829b367e80caab9fef0e57a67375?pvs=21), Sur écran avec matériel (https://www.notion.so/Sur-cran-avec-mat-riel-2bde829b367e8082993fc9345284dc6f?pvs=21), Sur écran sans matériel (https://www.notion.so/Sur-cran-sans-mat-riel-2bde829b367e803196f4cfb62e0a601a?pvs=21), Sur écran sans matériel, avec simulateur (https://www.notion.so/Sur-cran-sans-mat-riel-avec-simulateur-2bde829b367e804d890bd2ea8ac9ff4d?pvs=21)"
cmp-corriger-tests,Corriger un programme et vérifier son fonctionnement dans plusieurs cas,"Appliquer les principes de l’algorithmique et de la programmation par blocs pour écrire ou comprendre un code simple. (https://www.notion.so/Appliquer-les-principes-de-l-algorithmique-et-de-la-programmation-par-blocs-pour-crire-ou-comprendr-2a5e829b367e80fc9589c02f14490ff6?pvs=21), Produire et exécuter une séquence d’instructions (https://www.notion.so/Produire-et-ex-cuter-une-s-quence-d-instructions-2a5e829b367e80e3bd0ddf60a0b65a2b?pvs=21), Exploiter un document constitué de divers supports (texte, schéma, graphique, tableau, algorithme simple, carte heuristique) (https://www.notion.so/Exploiter-un-document-constitu-de-divers-supports-texte-sch-ma-graphique-tableau-algorithme-si-2a5e829b367e802681f3c5d14af7e630?pvs=21), Répéter à la main une séquence d’instructions pour accomplir une tâche imposée (https://www.notion.so/R-p-ter-la-main-une-s-quence-d-instructions-pour-accomplir-une-t-che-impos-e-2a5e829b367e80649ee2cab412c9b7ec?pvs=21)","Programme (https://www.notion.so/Programme-2bde829b367e80cbb552e6049a01188c?pvs=21), Entrée (https://www.notion.so/Entr-e-2bde829b367e80c78336eac1c3f65a9d?pvs=21), Sortie (https://www.notion.so/Sortie-2bde829b367e8048b117ccee918c48bb?pvs=21), Comportement attendu (https://www.notion.so/Comportement-attendu-2bde829b367e80ab9a2ffcfc35451953?pvs=21), Algorithme (https://www.notion.so/Algorithme-2b5e829b367e80428f03d25be8c368fb?pvs=21)","Modifier un programme simple pour obtenir le comportement attendu, puis vérifier que la correction reste valable dans plusieurs cas de fonctionnement, y compris un cas limite.",pil-analyse-critique-programmes,"Nombre de cas à vérifier (https://www.notion.so/Nombre-de-tests-2bde829b367e807ea63efb49046879a6?pvs=21), Nature de la correction attendue (https://www.notion.so/Nature-de-la-correction-attendue-2bde829b367e80d682dfd7214318f12b?pvs=21)","Sur écran avec matériel (https://www.notion.so/Sur-cran-avec-mat-riel-2bde829b367e8082993fc9345284dc6f?pvs=21), Débranché sans matériel (https://www.notion.so/D-branch-sans-mat-riel-2bde829b367e80caab9fef0e57a67375?pvs=21), Débranché avec matériel (https://www.notion.so/D-branch-avec-mat-riel-2bde829b367e80dab6c7c4447c27e8bd?pvs=21), Sur écran sans matériel, avec simulateur (https://www.notion.so/Sur-cran-sans-mat-riel-avec-simulateur-2bde829b367e804d890bd2ea8ac9ff4d?pvs=21), Sur écran sans matériel (https://www.notion.so/Sur-cran-sans-mat-riel-2bde829b367e803196f4cfb62e0a601a?pvs=21)"
cmp-convertir-pseudocode,Convertir fidèlement un énoncé en pseudo-code / blocs,"Appliquer les principes de l’algorithmique et de la programmation par blocs pour écrire ou comprendre un code simple. (https://www.notion.so/Appliquer-les-principes-de-l-algorithmique-et-de-la-programmation-par-blocs-pour-crire-ou-comprendr-2a5e829b367e80fc9589c02f14490ff6?pvs=21), Produire et exécuter une séquence d’instructions (https://www.notion.so/Produire-et-ex-cuter-une-s-quence-d-instructions-2a5e829b367e80e3bd0ddf60a0b65a2b?pvs=21), Répéter à la main une séquence d’instructions pour accomplir une tâche imposée (https://www.notion.so/R-p-ter-la-main-une-s-quence-d-instructions-pour-accomplir-une-t-che-impos-e-2a5e829b367e80649ee2cab412c9b7ec?pvs=21), Exploiter un document constitué de divers supports (texte, schéma, graphique, tableau, algorithme simple, carte heuristique) (https://www.notion.so/Exploiter-un-document-constitu-de-divers-supports-texte-sch-ma-graphique-tableau-algorithme-si-2a5e829b367e802681f3c5d14af7e630?pvs=21), Utiliser différents modes de représentation (schéma, dessin,
croquis, tableau, graphique, texte, etc.) et passer d’une  (https://www.notion.so/Utiliser-diff-rents-modes-de-repr-sentation-sch-ma-dessin-croquis-tableau-graphique-texte-etc-2a6e829b367e80fb8bcfeae7f2f7bf9e?pvs=21)","Pseudo-code (https://www.notion.so/Pseudo-code-2bde829b367e804fbf26f0e9b083c75e?pvs=21), Bloc d’instruction (https://www.notion.so/Bloc-d-instruction-2bde829b367e8056b108cf4c4c63052c?pvs=21), Equivalence de représentations (https://www.notion.so/Equivalence-de-repr-sentations-2bde829b367e808e92c2f16f5f228ca3?pvs=21)","Transformer un court énoncé en une suite d’instructions normalisées : 1 action = 1 ligne/bloc, ordre conservé, et nombre de répétitions correct si la consigne l’exige ; petite exécution de contrôle autorisée pour vérifier la fidélité (sans analyse poussée).",pil-representations-conversion-algorithmes,"Guidage pour la conversion énoncé → code (https://www.notion.so/Guidage-pour-la-conversion-nonc-code-2bde829b367e8025b94ce2c24c66fa7f?pvs=21), Répétition dans l’énoncé (https://www.notion.so/R-p-tition-dans-l-nonc-2bde829b367e8035b247d504182d9199?pvs=21)","Débranché avec matériel (https://www.notion.so/D-branch-avec-mat-riel-2bde829b367e80dab6c7c4447c27e8bd?pvs=21), Débranché sans matériel (https://www.notion.so/D-branch-sans-mat-riel-2bde829b367e80caab9fef0e57a67375?pvs=21), Sur écran avec matériel (https://www.notion.so/Sur-cran-avec-mat-riel-2bde829b367e8082993fc9345284dc6f?pvs=21), Sur écran sans matériel (https://www.notion.so/Sur-cran-sans-mat-riel-2bde829b367e803196f4cfb62e0a601a?pvs=21), Sur écran sans matériel, avec simulateur (https://www.notion.so/Sur-cran-sans-mat-riel-avec-simulateur-2bde829b367e804d890bd2ea8ac9ff4d?pvs=21)"
cmp-traduire-langage-naturel,Traduire un programme simple (blocs / pseudo-code) en langage naturel clair et complet,"Comprendre un programme simple et le traduire en langage naturel. (https://www.notion.so/Comprendre-un-programme-simple-et-le-traduire-en-langage-naturel-2a5e829b367e809d91c5d6841a0fc6a7?pvs=21), Appliquer les principes de l’algorithmique et de la programmation par blocs pour écrire ou comprendre un code simple. (https://www.notion.so/Appliquer-les-principes-de-l-algorithmique-et-de-la-programmation-par-blocs-pour-crire-ou-comprendr-2a5e829b367e80fc9589c02f14490ff6?pvs=21), Utiliser différents modes de représentation (schéma, dessin,
croquis, tableau, graphique, texte, etc.) et passer d’une  (https://www.notion.so/Utiliser-diff-rents-modes-de-repr-sentation-sch-ma-dessin-croquis-tableau-graphique-texte-etc-2a6e829b367e80fb8bcfeae7f2f7bf9e?pvs=21)","Bloc d’instruction (https://www.notion.so/Bloc-d-instruction-2bde829b367e8056b108cf4c4c63052c?pvs=21), Equivalence de représentations (https://www.notion.so/Equivalence-de-repr-sentations-2bde829b367e808e92c2f16f5f228ca3?pvs=21), Pseudo-code (https://www.notion.so/Pseudo-code-2bde829b367e804fbf26f0e9b083c75e?pvs=21)","Expliquer en français ce que fait le programme, dans quel ordre, sans ajouter ni omettre d’étapes ; conserver le sens et le résultat.",pil-representations-conversion-algorithmes,Nombre d’éléments à verbaliser (https://www.notion.so/Nombre-d-l-ments-verbaliser-2bde829b367e80938658f4c617b0e2ba?pvs=21),"Sur écran avec matériel (https://www.notion.so/Sur-cran-avec-mat-riel-2bde829b367e8082993fc9345284dc6f?pvs=21), Débranché sans matériel (https://www.notion.so/D-branch-sans-mat-riel-2bde829b367e80caab9fef0e57a67375?pvs=21), Débranché avec matériel (https://www.notion.so/D-branch-avec-mat-riel-2bde829b367e80dab6c7c4447c27e8bd?pvs=21), Sur écran sans matériel (https://www.notion.so/Sur-cran-sans-mat-riel-2bde829b367e803196f4cfb62e0a601a?pvs=21), Sur écran sans matériel, avec simulateur (https://www.notion.so/Sur-cran-sans-mat-riel-avec-simulateur-2bde829b367e804d890bd2ea8ac9ff4d?pvs=21)"
cmp-completer-conversion,Compléter / corriger une conversion à trous pour restaurer l’équivalence,"Appliquer les principes de l’algorithmique et de la programmation par blocs pour écrire ou comprendre un code simple. (https://www.notion.so/Appliquer-les-principes-de-l-algorithmique-et-de-la-programmation-par-blocs-pour-crire-ou-comprendr-2a5e829b367e80fc9589c02f14490ff6?pvs=21), Produire et exécuter une séquence d’instructions (https://www.notion.so/Produire-et-ex-cuter-une-s-quence-d-instructions-2a5e829b367e80e3bd0ddf60a0b65a2b?pvs=21), Exploiter un document constitué de divers supports (texte, schéma, graphique, tableau, algorithme simple, carte heuristique) (https://www.notion.so/Exploiter-un-document-constitu-de-divers-supports-texte-sch-ma-graphique-tableau-algorithme-si-2a5e829b367e802681f3c5d14af7e630?pvs=21)","Equivalence de représentations (https://www.notion.so/Equivalence-de-repr-sentations-2bde829b367e808e92c2f16f5f228ca3?pvs=21), Pseudo-code (https://www.notion.so/Pseudo-code-2bde829b367e804fbf26f0e9b083c75e?pvs=21), Bloc d’instruction (https://www.notion.so/Bloc-d-instruction-2bde829b367e8056b108cf4c4c63052c?pvs=21)","À partir d’un code ou d’un texte partiel, insérer l’étape manquante, rectifier un ordre ou mettre en forme une répétition (« répéter N fois ») lorsqu’elle est exigée, sans changer le sens de la consigne.",pil-representations-conversion-algorithmes,Élément manquant (à trous) (https://www.notion.so/l-ment-manquant-trous-2bde829b367e80b0a561fc4808564274?pvs=21),"Débranché avec matériel (https://www.notion.so/D-branch-avec-mat-riel-2bde829b367e80dab6c7c4447c27e8bd?pvs=21), Débranché sans matériel (https://www.notion.so/D-branch-sans-mat-riel-2bde829b367e80caab9fef0e57a67375?pvs=21), Sur écran avec matériel (https://www.notion.so/Sur-cran-avec-mat-riel-2bde829b367e8082993fc9345284dc6f?pvs=21), Sur écran sans matériel, avec simulateur (https://www.notion.so/Sur-cran-sans-mat-riel-avec-simulateur-2bde829b367e804d890bd2ea8ac9ff4d?pvs=21), Sur écran sans matériel (https://www.notion.so/Sur-cran-sans-mat-riel-2bde829b367e803196f4cfb62e0a601a?pvs=21)"
cmp-table-correspondance,Établir et utiliser une table de correspondance entre représentations (français ↔ pseudo-code ↔ blocs).,"Comprendre un programme simple et le traduire en langage naturel. (https://www.notion.so/Comprendre-un-programme-simple-et-le-traduire-en-langage-naturel-2a5e829b367e809d91c5d6841a0fc6a7?pvs=21), Appliquer les principes de l’algorithmique et de la programmation par blocs pour écrire ou comprendre un code simple. (https://www.notion.so/Appliquer-les-principes-de-l-algorithmique-et-de-la-programmation-par-blocs-pour-crire-ou-comprendr-2a5e829b367e80fc9589c02f14490ff6?pvs=21), Exploiter un document constitué de divers supports (texte, schéma, graphique, tableau, algorithme simple, carte heuristique) (https://www.notion.so/Exploiter-un-document-constitu-de-divers-supports-texte-sch-ma-graphique-tableau-algorithme-si-2a5e829b367e802681f3c5d14af7e630?pvs=21)","Bloc d’instruction (https://www.notion.so/Bloc-d-instruction-2bde829b367e8056b108cf4c4c63052c?pvs=21), Pseudo-code (https://www.notion.so/Pseudo-code-2bde829b367e804fbf26f0e9b083c75e?pvs=21), Equivalence de représentations (https://www.notion.so/Equivalence-de-repr-sentations-2bde829b367e808e92c2f16f5f228ca3?pvs=21)","Construire une table à 2 ou 3 colonnes où chaque ligne correspond à une même action dans les différentes représentations :
• col. 1 = langage naturel (phrase courte, 1 action)
• col. 2 = pseudo-code (ligne équivalente)
• col. 3 = blocs (nom du bloc/assemblage).",pil-representations-conversion-algorithmes,Nombre de représentations (table de correspondance) (https://www.notion.so/Nombre-de-repr-sentations-table-de-correspondance-2bde829b367e806aa21effc70c3131cb?pvs=21),"Sur écran avec matériel (https://www.notion.so/Sur-cran-avec-mat-riel-2bde829b367e8082993fc9345284dc6f?pvs=21), Débranché sans matériel (https://www.notion.so/D-branch-sans-mat-riel-2bde829b367e80caab9fef0e57a67375?pvs=21), Débranché avec matériel (https://www.notion.so/D-branch-avec-mat-riel-2bde829b367e80dab6c7c4447c27e8bd?pvs=21), Sur écran sans matériel (https://www.notion.so/Sur-cran-sans-mat-riel-2bde829b367e803196f4cfb62e0a601a?pvs=21), Sur écran sans matériel, avec simulateur (https://www.notion.so/Sur-cran-sans-mat-riel-avec-simulateur-2bde829b367e804d890bd2ea8ac9ff4d?pvs=21)"
cmp-cartographier-chaine-capteur,Cartographier la chaine “capteur → commande → actionneur” d’un objet programmable,"Repérer les capteurs et les actionneurs (moteur électrique, etc.) présents dans un objet programmable (par exemple un robot). (https://www.notion.so/Rep-rer-les-capteurs-et-les-actionneurs-moteur-lectrique-etc-pr-sents-dans-un-objet-programmabl-2a5e829b367e803b9671c910b37a50d1?pvs=21), Identifier la chaîne d’information et d’action (exemple d’un éclairage public intelligent : détecteur de présence, boîtier de contrôle, relais de commande d’éclairage, etc.). (https://www.notion.so/Identifier-la-cha-ne-d-information-et-d-action-exemple-d-un-clairage-public-intelligent-d-tecteu-2a5e829b367e80c396c8f7cb8a5240ac?pvs=21), Décrire à l’aide d’un schéma le
fonctionnement d’un objet technique (https://www.notion.so/D-crire-l-aide-d-un-sch-ma-le-fonctionnement-d-un-objet-technique-2a6e829b367e80c29c21ddd4e197530c?pvs=21)","Capteur (https://www.notion.so/Capteur-2bde829b367e8026ad5ce2db266d71c9?pvs=21), Chaine d’action (https://www.notion.so/Chaine-d-action-2bde829b367e8055933ce41ec949677d?pvs=21), Actionneur (https://www.notion.so/Actionneur-2bde829b367e806a9cddc53e86dccf79?pvs=21), Objet programmable (https://www.notion.so/Objet-programmable-2bde829b367e80579454e1752ff6a08b?pvs=21)","Repérer, nommer et schématiser le trajet de l’information (mesure du capteur → traitement/commande) et celui de l’action (effet produit par l’actionneur) pour expliquer le fonctionnement global de l’objet.",pil-objets-techniques-capteurs-actionneurs,"Schéma (fourni / à compléter / à produire) (https://www.notion.so/Sch-ma-fourni-compl-ter-produire-2bde829b367e80be9e81c630f33a962b?pvs=21), Nombre d’éléments à identifier (https://www.notion.so/Nombre-d-l-ments-identifier-2bde829b367e804795b8e94374da0e15?pvs=21)","Débranché avec matériel (https://www.notion.so/D-branch-avec-mat-riel-2bde829b367e80dab6c7c4447c27e8bd?pvs=21), Débranché sans matériel (https://www.notion.so/D-branch-sans-mat-riel-2bde829b367e80caab9fef0e57a67375?pvs=21), Sur écran avec matériel (https://www.notion.so/Sur-cran-avec-mat-riel-2bde829b367e8082993fc9345284dc6f?pvs=21), Sur écran sans matériel (https://www.notion.so/Sur-cran-sans-mat-riel-2bde829b367e803196f4cfb62e0a601a?pvs=21), Sur écran sans matériel, avec simulateur (https://www.notion.so/Sur-cran-sans-mat-riel-avec-simulateur-2bde829b367e804d890bd2ea8ac9ff4d?pvs=21)"
cmp-lire-capteur,Lire une information de capteur et la rendre exploitable dans le programme,"Repérer les capteurs et les actionneurs (moteur électrique, etc.) présents dans un objet programmable (par exemple un robot). (https://www.notion.so/Rep-rer-les-capteurs-et-les-actionneurs-moteur-lectrique-etc-pr-sents-dans-un-objet-programmabl-2a5e829b367e803b9671c910b37a50d1?pvs=21), Identifier la chaîne d’information et d’action (exemple d’un éclairage public intelligent : détecteur de présence, boîtier de contrôle, relais de commande d’éclairage, etc.). (https://www.notion.so/Identifier-la-cha-ne-d-information-et-d-action-exemple-d-un-clairage-public-intelligent-d-tecteu-2a5e829b367e80c396c8f7cb8a5240ac?pvs=21), Utiliser des outils numériques pour : - communiquer des résultats ; -faire des recherches ; - traiter des données ; - simuler des phénomènes. (https://www.notion.so/Utiliser-des-outils-num-riques-pour-communiquer-des-r-sultats-faire-des-recherches-traite-2a5e829b367e80529261c468dbf9ede4?pvs=21)","Capteur (https://www.notion.so/Capteur-2bde829b367e8026ad5ce2db266d71c9?pvs=21), Entrée (https://www.notion.so/Entr-e-2bde829b367e80c78336eac1c3f65a9d?pvs=21)","Identifier le bloc de lecture du capteur (état/valeur), comprendre ce que signifie la lecture pour l’objet (ex. obstacle détecté / niveau lumineux) et l’exprimer clairement dans le script (étiquette/nommage utile).",pil-objets-techniques-capteurs-actionneurs,Donnée capteur : fournie ou à sélectionner (https://www.notion.so/Donn-e-capteur-fournie-ou-s-lectionner-2bde829b367e80a6b584f29ca2bedcdb?pvs=21),"Sur écran avec matériel (https://www.notion.so/Sur-cran-avec-mat-riel-2bde829b367e8082993fc9345284dc6f?pvs=21), Sur écran sans matériel, avec simulateur (https://www.notion.so/Sur-cran-sans-mat-riel-avec-simulateur-2bde829b367e804d890bd2ea8ac9ff4d?pvs=21)"
cmp-piloter-actionneur-capteur,Utiliser une donnée de capteur pour piloter en continu un actionneur,"Coder un algorithme simple agissant sur le comportement d’un objet technique (déplacement d’un robot, fonctionnement d’un système d’éclairage, etc.). (https://www.notion.so/Coder-un-algorithme-simple-agissant-sur-le-comportement-d-un-objet-technique-d-placement-d-un-robot-2a5e829b367e804b9b65fa60e9810d2f?pvs=21), Appliquer les principes de l’algorithmique et de la programmation par blocs pour écrire ou comprendre un code simple. (https://www.notion.so/Appliquer-les-principes-de-l-algorithmique-et-de-la-programmation-par-blocs-pour-crire-ou-comprendr-2a5e829b367e80fc9589c02f14490ff6?pvs=21), Identifier la chaîne d’information et d’action (exemple d’un éclairage public intelligent : détecteur de présence, boîtier de contrôle, relais de commande d’éclairage, etc.). (https://www.notion.so/Identifier-la-cha-ne-d-information-et-d-action-exemple-d-un-clairage-public-intelligent-d-tecteu-2a5e829b367e80c396c8f7cb8a5240ac?pvs=21), Utiliser des outils numériques pour : - communiquer des résultats ; -faire des recherches ; - traiter des données ; - simuler des phénomènes. (https://www.notion.so/Utiliser-des-outils-num-riques-pour-communiquer-des-r-sultats-faire-des-recherches-traite-2a5e829b367e80529261c468dbf9ede4?pvs=21), Effectuer des conversions d’unités de distance et de temps. (https://www.notion.so/Effectuer-des-conversions-d-unit-s-de-distance-et-de-temps-2a5e829b367e80a0a99dfd426cc78969?pvs=21)","Capteur (https://www.notion.so/Capteur-2bde829b367e8026ad5ce2db266d71c9?pvs=21), Actionneur (https://www.notion.so/Actionneur-2bde829b367e806a9cddc53e86dccf79?pvs=21), Entrée (https://www.notion.so/Entr-e-2bde829b367e80c78336eac1c3f65a9d?pvs=21), Sortie (https://www.notion.so/Sortie-2bde829b367e8048b117ccee918c48bb?pvs=21), Chaine d’action (https://www.notion.so/Chaine-d-action-2bde829b367e8055933ce41ec949677d?pvs=21)","Acheminer une valeur lue (ex. luminosité, position d’un curseur) comme paramètre d’un actionneur (intensité LED, volume buzzer, vitesse moteur), sans “si… alors” : pilotage continu par valeur directe (ou réglage intégré simple).",pil-objets-techniques-capteurs-actionneurs,Modèle de pilotage (capteur → actionneur) (https://www.notion.so/Mod-le-de-pilotage-capteur-actionneur-2bde829b367e80b4a238feaffc92d86f?pvs=21),"Sur écran sans matériel, avec simulateur (https://www.notion.so/Sur-cran-sans-mat-riel-avec-simulateur-2bde829b367e804d890bd2ea8ac9ff4d?pvs=21), Sur écran avec matériel (https://www.notion.so/Sur-cran-avec-mat-riel-2bde829b367e8082993fc9345284dc6f?pvs=21)"
cmp-configurer-actionneur,Configurer et utiliser un actionneur,"Coder un algorithme simple agissant sur le comportement d’un objet technique (déplacement d’un robot, fonctionnement d’un système d’éclairage, etc.). (https://www.notion.so/Coder-un-algorithme-simple-agissant-sur-le-comportement-d-un-objet-technique-d-placement-d-un-robot-2a5e829b367e804b9b65fa60e9810d2f?pvs=21), Repérer les capteurs et les actionneurs (moteur électrique, etc.) présents dans un objet programmable (par exemple un robot). (https://www.notion.so/Rep-rer-les-capteurs-et-les-actionneurs-moteur-lectrique-etc-pr-sents-dans-un-objet-programmabl-2a5e829b367e803b9671c910b37a50d1?pvs=21), Identifier la chaîne d’information et d’action (exemple d’un éclairage public intelligent : détecteur de présence, boîtier de contrôle, relais de commande d’éclairage, etc.). (https://www.notion.so/Identifier-la-cha-ne-d-information-et-d-action-exemple-d-un-clairage-public-intelligent-d-tecteu-2a5e829b367e80c396c8f7cb8a5240ac?pvs=21), Modifier ou paramétrer le fonctionnement d’un objet communicant. (https://www.notion.so/Modifier-ou-param-trer-le-fonctionnement-d-un-objet-communicant-2a5e829b367e803696a6e3ee979437c1?pvs=21)","Actionneur (https://www.notion.so/Actionneur-2bde829b367e806a9cddc53e86dccf79?pvs=21), Paramètre (https://www.notion.so/Param-tre-2bde829b367e8030a977eae49e293e6d?pvs=21), Sortie (https://www.notion.so/Sortie-2bde829b367e8048b117ccee918c48bb?pvs=21)","Piloter directement un actionneur (LED, buzzer, moteur…) : déclencher/arrêter, fixer une intensité/valeur ou une durée quand la consigne l’exige, via les blocs fournis par l’environnement.",pil-objets-techniques-capteurs-actionneurs,Mode de commande de l’actionneur (https://www.notion.so/Mode-de-commande-de-l-actionneur-2bde829b367e80ed896ffccd900e2b1c?pvs=21),"Sur écran avec matériel (https://www.notion.so/Sur-cran-avec-mat-riel-2bde829b367e8082993fc9345284dc6f?pvs=21), Sur écran sans matériel, avec simulateur (https://www.notion.so/Sur-cran-sans-mat-riel-avec-simulateur-2bde829b367e804d890bd2ea8ac9ff4d?pvs=21)"
cmp-programmer-traces-deplacements,Programmer des tracés et des déplacements (stylo / robot / personnage),"Programmer la construction d’un chemin simple (https://www.notion.so/Programmer-la-construction-d-un-chemin-simple-2a5e829b367e80b4b723c292e13f7e86?pvs=21), Programmer les déplacements d’un robot ou ceux d’un personnage sur un écran en utilisant un logiciel de programmation. - vocabulaire permettant de définir des positions et des déplacements (tourner à gauche, à droite ; faire demi-tour, effectuer un quart de tour à droite, à gauche) ; - divers modes de représentation de l’espace : maquettes, plans, schémas. (https://www.notion.so/Programmer-les-d-placements-d-un-robot-ou-ceux-d-un-personnage-sur-un-cran-en-utilisant-un-logiciel-2a5e829b367e8017b67cd10df68eee64?pvs=21), Réaliser, compléter et rédiger un programme de construction d’une figure plane. (https://www.notion.so/R-aliser-compl-ter-et-r-diger-un-programme-de-construction-d-une-figure-plane-2a5e829b367e80faaf74e49f8f4d5dd6?pvs=21), Reproduire, représenter, construire : - des figures simples ou complexes (assemblages de figures simples) ; (https://www.notion.so/Reproduire-repr-senter-construire-des-figures-simples-ou-complexes-assemblages-de-figures-sim-2a5e829b367e801184ffc5d6e1f9191b?pvs=21), Accomplir, décrire, coder des déplacements dans des espaces familiers. (https://www.notion.so/Accomplir-d-crire-coder-des-d-placements-dans-des-espaces-familiers-2a5e829b367e80ba8a87d7bd557ad9d0?pvs=21), Se repérer, décrire ou exécuter des déplacements, sur un plan ou sur une carte (école, quartier, ville, village). (https://www.notion.so/Se-rep-rer-d-crire-ou-ex-cuter-des-d-placements-sur-un-plan-ou-sur-une-carte-cole-quartier-vil-2a5e829b367e80c3945cc42aabbdde18?pvs=21)","Déplacement codé (https://www.notion.so/D-placement-cod-2bde829b367e807895a1d1bc0b0e37b0?pvs=21), Chemin (https://www.notion.so/Chemin-2bde829b367e80cc9579ea7ec2745aa3?pvs=21), Séquence d’instructions (https://www.notion.so/S-quence-d-instructions-2bde829b367e80078855ce3c38b7c2d9?pvs=21)","Faire produire par un script un chemin (robot/personnage) ou un tracé géométrique (comme avec un stylo numérique) à partir d’une consigne : suite d’actions, angles, longueurs, pas, etc.",pil-programmation-outil,"Nombre de commandes de déplacement (https://www.notion.so/Nombre-de-commandes-de-d-placement-2bde829b367e80a791e5e2cd8a20afcd?pvs=21), Usage de « répéter N fois » attendu (https://www.notion.so/Usage-de-r-p-ter-N-fois-attendu-2bde829b367e805191f0cb0069ae9211?pvs=21)","Sur écran sans matériel (https://www.notion.so/Sur-cran-sans-mat-riel-2bde829b367e803196f4cfb62e0a601a?pvs=21), Sur écran sans matériel, avec simulateur (https://www.notion.so/Sur-cran-sans-mat-riel-avec-simulateur-2bde829b367e804d890bd2ea8ac9ff4d?pvs=21), Sur écran avec matériel (https://www.notion.so/Sur-cran-avec-mat-riel-2bde829b367e8082993fc9345284dc6f?pvs=21)"
cmp-programmer-mesures,Programmer des mesures lors de protocoles expérimentaux,"Utiliser des outils numériques pour : - communiquer des résultats ; -faire des recherches ; - traiter des données ; - simuler des phénomènes. (https://www.notion.so/Utiliser-des-outils-num-riques-pour-communiquer-des-r-sultats-faire-des-recherches-traite-2a5e829b367e80529261c468dbf9ede4?pvs=21), Exploiter un document constitué de divers supports (texte, schéma, graphique, tableau, algorithme simple, carte heuristique) (https://www.notion.so/Exploiter-un-document-constitu-de-divers-supports-texte-sch-ma-graphique-tableau-algorithme-si-2a5e829b367e802681f3c5d14af7e630?pvs=21), Mesurer une distance lors du déplacement d’un objet. (https://www.notion.so/Mesurer-une-distance-lors-du-d-placement-d-un-objet-2a5e829b367e80aeb0e9e5ff9e4a619d?pvs=21), Mesurer une durée, comme intervalle entre deux instants, lors du déplacement d’un objet (https://www.notion.so/Mesurer-une-dur-e-comme-intervalle-entre-deux-instants-lors-du-d-placement-d-un-objet-2a5e829b367e8034b06ae72900f1746e?pvs=21), Calculer la valeur de la vitesse à partir de la distance parcourue et de la durée de déplacement dans le cas du mouvement uniforme d’un objet par rapport à un observateur (https://www.notion.so/Calculer-la-valeur-de-la-vitesse-partir-de-la-distance-parcourue-et-de-la-dur-e-de-d-placement-dan-2a5e829b367e8008b793d0538de6c6c4?pvs=21)","Entrée (https://www.notion.so/Entr-e-2bde829b367e80c78336eac1c3f65a9d?pvs=21), Etat intermédiaire (https://www.notion.so/Etat-interm-diaire-2bde829b367e8017afe8eb6b2bd677c4?pvs=21), Sortie (https://www.notion.so/Sortie-2bde829b367e8048b117ccee918c48bb?pvs=21)","S’appuyer sur un petit script (ou un environnement à blocs) pour acquérir des mesures (temps, distance, lumière…) et noter/structurer les relevés (tableau)",pil-programmation-outil,"Nombre de mesures à relever (https://www.notion.so/Nombre-de-mesures-relever-2bde829b367e80b2867bfe29e5062e55?pvs=21), Nombre de grandeurs mesurées (https://www.notion.so/Nombre-de-grandeurs-mesur-es-2bde829b367e80cda93ff2968d09ad6a?pvs=21)",Sur écran avec matériel (https://www.notion.so/Sur-cran-avec-mat-riel-2bde829b367e8082993fc9345284dc6f?pvs=21)
cmp-programmer-simulations,Programmer et utiliser de petites simulations de phénomènes,"Utiliser des outils numériques pour : - communiquer des résultats ; -faire des recherches ; - traiter des données ; - simuler des phénomènes. (https://www.notion.so/Utiliser-des-outils-num-riques-pour-communiquer-des-r-sultats-faire-des-recherches-traite-2a5e829b367e80529261c468dbf9ede4?pvs=21), Modéliser des phénomènes naturels. (https://www.notion.so/Mod-liser-des-ph-nom-nes-naturels-2a5e829b367e803fbde5c4e51ad2b726?pvs=21), Effectuer des conversions d’unités de distance et de temps, en particulier dans le contexte du mouvement de révolution des planètes autour du Soleil. (https://www.notion.so/Effectuer-des-conversions-d-unit-s-de-distance-et-de-temps-en-particulier-dans-le-contexte-du-mouve-2a5e829b367e8085b956e2835270f2e4?pvs=21)","Etat intermédiaire (https://www.notion.so/Etat-interm-diaire-2bde829b367e8017afe8eb6b2bd677c4?pvs=21), Paramètre (https://www.notion.so/Param-tre-2bde829b367e8030a977eae49e293e6d?pvs=21), Entrée (https://www.notion.so/Entr-e-2bde829b367e80c78336eac1c3f65a9d?pvs=21), Sortie (https://www.notion.so/Sortie-2bde829b367e8048b117ccee918c48bb?pvs=21)","Écrire un script qui modélise un comportement simple (mouvement régulier, croissance par pas, va-et-vient, parcours avec obstacles modélisés) puis observer/communiquer ce que la simulation montre.",pil-programmation-outil,"Tâche sur la simulation (https://www.notion.so/T-che-sur-la-simulation-2bde829b367e8011aaf5f95894a754e0?pvs=21), Données à produire (simulation) (https://www.notion.so/Donn-es-produire-simulation-2bde829b367e802e8b2ada163fc33e3b?pvs=21)","Sur écran sans matériel (https://www.notion.so/Sur-cran-sans-mat-riel-2bde829b367e803196f4cfb62e0a601a?pvs=21), Sur écran avec matériel (https://www.notion.so/Sur-cran-avec-mat-riel-2bde829b367e8082993fc9345284dc6f?pvs=21), Sur écran sans matériel, avec simulateur (https://www.notion.so/Sur-cran-sans-mat-riel-avec-simulateur-2bde829b367e804d890bd2ea8ac9ff4d?pvs=21)"
cmp-mise-en-forme-resultats,Programmer la mise en forme et la communication de résultats (tableaux / graphes / exports),"Utiliser des outils numériques pour : - communiquer des résultats ; -faire des recherches ; - traiter des données ; - simuler des phénomènes. (https://www.notion.so/Utiliser-des-outils-num-riques-pour-communiquer-des-r-sultats-faire-des-recherches-traite-2a5e829b367e80529261c468dbf9ede4?pvs=21), Exploiter un document constitué de divers supports (texte, schéma, graphique, tableau, algorithme simple, carte heuristique) (https://www.notion.so/Exploiter-un-document-constitu-de-divers-supports-texte-sch-ma-graphique-tableau-algorithme-si-2a5e829b367e802681f3c5d14af7e630?pvs=21), Effectuer des conversions d’unités de distance et de temps. (https://www.notion.so/Effectuer-des-conversions-d-unit-s-de-distance-et-de-temps-2a5e829b367e80a0a99dfd426cc78969?pvs=21), Calculer la valeur de la vitesse à partir de la distance parcourue et de la durée de déplacement dans le cas du mouvement uniforme d’un objet par rapport à un observateur (https://www.notion.so/Calculer-la-valeur-de-la-vitesse-partir-de-la-distance-parcourue-et-de-la-dur-e-de-d-placement-dan-2a5e829b367e8008b793d0538de6c6c4?pvs=21), Effectuer des conversions d’unités de distance et de temps, en particulier dans le contexte du mouvement de révolution des planètes autour du Soleil. (https://www.notion.so/Effectuer-des-conversions-d-unit-s-de-distance-et-de-temps-en-particulier-dans-le-contexte-du-mouve-2a5e829b367e8085b956e2835270f2e4?pvs=21)","Sortie (https://www.notion.so/Sortie-2bde829b367e8048b117ccee918c48bb?pvs=21), Paramètre (https://www.notion.so/Param-tre-2bde829b367e8030a977eae49e293e6d?pvs=21)","Employer la programmation pour générer un tableau ou un graphique à partir de données mesurées/simulées, puis présenter clairement les résultats (légendes, unités, titres).",pil-programmation-outil,Niveau de mise en forme des résultats (https://www.notion.so/Niveau-de-mise-en-forme-des-r-sultats-2bde829b367e8087b06cddc4aadb40b7?pvs=21),"Sur écran sans matériel (https://www.notion.so/Sur-cran-sans-mat-riel-2bde829b367e803196f4cfb62e0a601a?pvs=21), Sur écran avec matériel (https://www.notion.so/Sur-cran-avec-mat-riel-2bde829b367e8082993fc9345284dc6f?pvs=21), Sur écran sans matériel, avec simulateur (https://www.notion.so/Sur-cran-sans-mat-riel-avec-simulateur-2bde829b367e804d890bd2ea8ac9ff4d?pvs=21)"
